,model,tn,fp,fn,tp,accuracy,recall,f1_score
0,Logistic Regression,424349,75,512,5608,0.9986366085696236,0.9163398692810457,0.950266881301364
1,SVM,424049,375,1,6119,0.9991266862388049,0.9998366013071895,0.9701918503250356
2,Gradient Boosting Classifier,424136,288,108,6012,0.9990802333791668,0.9823529411764705,0.9681159420289855
